<?xml version="1.0" encoding="UTF-8"?>
<model package="modtelegram" baseClass="xPDOObject" platform="mysql" defaultEngine="MyISAM" phpdoc-package="modtelegram"
	   version="1.1">


	<object class="modTelegramUser" table="modtelegram_users" extends="xPDOObject">
		<field key="id" dbtype="varchar" precision="100" phptype="string" null="false" index="pk"/>
		<field key="user" dbtype="int" precision="10" attributes="unsigned" phptype="integer" null="false" default="0"
			   index="pk"/>
		<field key="active" dbtype="tinyint" precision="1" phptype="boolean" attributes="unsigned" null="false"
			   default="1" index="index"/>
		<field key="properties" dbtype="text" phptype="json" null="true"/>

		<index alias="user" name="user" primary="true" unique="true" type="BTREE">
			<column key="id" length="" collation="A" null="false"/>
			<column key="user" length="" collation="A" null="false"/>
		</index>
		<index alias="active" name="active" primary="false" unique="false" type="BTREE">
			<column key="active" length="" collation="A" null="false"/>
		</index>

		<composite alias="Chats" class="modTelegramChat" local="id" foreign="uid" cardinality="many"
				   owner="local"/>
		<composite alias="Messages" class="modTelegramMessage" local="id" foreign="uid" cardinality="many"
				   owner="local"/>
		<aggregate alias="User" class="modUser" local="user" foreign="id" owner="foreign" cardinality="one"/>

	</object>


	<object class="modTelegramManager" table="modtelegram_managers" extends="xPDOObject">
		<field key="id" dbtype="varchar" precision="100" phptype="string" null="false" index="pk"/>
		<field key="user" dbtype="int" precision="10" attributes="unsigned" phptype="integer" null="false" default="0"
			   index="pk"/>
		<field key="active" dbtype="tinyint" precision="1" phptype="boolean" attributes="unsigned" null="false"
			   default="1" index="index"/>
		<field key="properties" dbtype="text" phptype="json" null="true"/>

		<index alias="manager" name="manager" primary="true" unique="true" type="BTREE">
			<column key="id" length="" collation="A" null="false"/>
			<column key="user" length="" collation="A" null="false"/>
		</index>

		<index alias="active" name="active" primary="false" unique="false" type="BTREE">
			<column key="active" length="" collation="A" null="false"/>
		</index>

		<composite alias="Chats" class="modTelegramChat" local="id" foreign="mid" cardinality="many"
				   owner="local"/>
		<composite alias="Messages" class="modTelegramMessage" local="id" foreign="mid" cardinality="many"
				   owner="local"/>
		<aggregate alias="User" class="modUser" local="user" foreign="id" owner="foreign" cardinality="one"/>

	</object>


	<object class="modTelegramChat" table="modtelegram_chats" extends="xPDOObject">
		<field key="uid" dbtype="varchar" precision="100" phptype="string" null="false" index="pk"/>
		<field key="mid" dbtype="varchar" precision="100" phptype="string" null="false" index="pk"/>
		<field key="active" dbtype="tinyint" precision="1" phptype="boolean" attributes="unsigned" null="false"
			   default="0" index="index"/>

		<index alias="chat" name="chat" primary="false" unique="true" type="BTREE">
			<column key="uid" length="" collation="A" null="false"/>
			<column key="mid" length="" collation="A" null="false"/>
		</index>

		<composite alias="UserMessage" class="modTelegramMessage" local="uid" foreign="uid" cardinality="many"
				   owner="local"/>
		<composite alias="ManagerMessage" class="modTelegramMessage" local="mid" foreign="mid" cardinality="many"
				   owner="local"/>
		<aggregate alias="User" class="modTelegramUser" local="uid" foreign="id" cardinality="one" owner="foreign"/>
		<aggregate alias="Manager" class="modTelegramManager" local="mid" foreign="id" cardinality="one"
				   owner="foreign"/>
	</object>


	<object class="modTelegramMessage" table="modtelegram_messages" extends="xPDOObject">
		<field key="uid" dbtype="varchar" precision="100" phptype="string" null="false" index="pk"/>
		<field key="mid" dbtype="varchar" precision="100" phptype="string" null="false" index="pk"/>
		<field key="from" dbtype="varchar" precision="100" phptype="string" null="false" default="" index="pk"/>
		<field key="type" dbtype="varchar" precision="100" phptype="string" null="false" default=""/>
		<field key="message" dbtype="text" phptype="string" null="false" default=""/>
		<field key="timestamp" dbtype="int" precision="20" phptype="timestamp" null="false" default="0"/>

		<index alias="uid" name="uid" primary="false" unique="false" type="BTREE">
			<column key="uid" length="" collation="A" null="false"/>
		</index>
		<index alias="mid" name="mid" primary="false" unique="false" type="BTREE">
			<column key="mid" length="" collation="A" null="false"/>
		</index>
		<index alias="from" name="from" primary="false" unique="false" type="BTREE">
			<column key="from" length="" collation="A" null="false"/>
		</index>
		<index alias="type" name="type" primary="false" unique="false" type="BTREE">
			<column key="type" length="" collation="A" null="false"/>
		</index>
		<index alias="timestamp" name="timestamp" primary="false" unique="false" type="BTREE">
			<column key="timestamp" length="" collation="A" null="false"/>
		</index>

	</object>


</model>